{
  "project_info": {
    "project_number": "1029637065857",
    "firebase_url": "https://psychic-lens-207503.firebaseio.com",
    "project_id": "psychic-lens-207503",
    "storage_bucket": "psychic-lens-207503.appspot.com"
  },
  "client": [
    {
      "client_info": {
        "mobilesdk_app_id": "1:1029637065857:android:929f092edfa05372",
        "android_client_info": {
          "package_name": "com.example.a210.myapplication"
        }
      },
      "oauth_client": [
        {
          "client_id": "1029637065857-jhqaudl0l4veos588mcllpe8h4dfau25.apps.googleusercontent.com",
          "client_type": 3
        }
      ],
      "api_key": [
        {
          "current_key": "AIzaSyDzUbsqu6Sa-X0dTvq9887kTYz3KO8oD3o"
        }
      ],
      "services": {
        "analytics_service": {
          "status": 1
        },
        "appinvite_service": {
          "status": 1,
          "other_platform_oauth_client": []
        },
        "ads_service": {
          "status": 2
        }
      }
    }
  ],
  "configuration_version": "1"
}